{
  "id": "4620569",
  "name": "music-project",
  "font_family": "iconfont",
  "css_prefix_text": "icon-",
  "description": "",
  "glyphs": [
    {
      "icon_id": "32996034",
      "name": "play-stop",
      "font_class": "play-stop",
      "unicode": "e61c",
      "unicode_decimal": 58908
    },
    {
      "icon_id": "5876278",
      "name": "下一曲",
      "font_class": "xiayiqu",
      "unicode": "e7ff",
      "unicode_decimal": 59391
    },
    {
      "icon_id": "5876279",
      "name": "上一曲",
      "font_class": "shangyiqu",
      "unicode": "e800",
      "unicode_decimal": 59392
    },
    {
      "icon_id": "4932635",
      "name": "云端下载",
      "font_class": "yunduanxiazai",
      "unicode": "ec1d",
      "unicode_decimal": 60445
    },
    {
      "icon_id": "4932636",
      "name": "云端上传",
      "font_class": "yunduanshangchuan",
      "unicode": "ec1e",
      "unicode_decimal": 60446
    },
    {
      "icon_id": "8776631",
      "name": "view",
      "font_class": "icon-test",
      "unicode": "e633",
      "unicode_decimal": 58931
    },
    {
      "icon_id": "8776676",
      "name": "view_off",
      "font_class": "icon-test1",
      "unicode": "e634",
      "unicode_decimal": 58932
    },
    {
      "icon_id": "8776842",
      "name": "search",
      "font_class": "icon-test2",
      "unicode": "e63c",
      "unicode_decimal": 58940
    },
    {
      "icon_id": "8776879",
      "name": "play",
      "font_class": "icon-test3",
      "unicode": "e640",
      "unicode_decimal": 58944
    },
    {
      "icon_id": "8777250",
      "name": "user",
      "font_class": "icon-test4",
      "unicode": "e64d",
      "unicode_decimal": 58957
    },
    {
      "icon_id": "8777370",
      "name": "list",
      "font_class": "icon-test5",
      "unicode": "e64f",
      "unicode_decimal": 58959
    },
    {
      "icon_id": "11372645",
      "name": "不感兴趣",
      "font_class": "buganxingqu",
      "unicode": "e8ad",
      "unicode_decimal": 59565
    },
    {
      "icon_id": "11372646",
      "name": "播放记录",
      "font_class": "bofangjilu",
      "unicode": "e8ae",
      "unicode_decimal": 59566
    },
    {
      "icon_id": "11372659",
      "name": "更多",
      "font_class": "gengduo",
      "unicode": "e8af",
      "unicode_decimal": 59567
    },
    {
      "icon_id": "11372676",
      "name": "密码",
      "font_class": "mima",
      "unicode": "e8b2",
      "unicode_decimal": 59570
    },
    {
      "icon_id": "11372693",
      "name": "删除",
      "font_class": "shanchu",
      "unicode": "e8b6",
      "unicode_decimal": 59574
    },
    {
      "icon_id": "11372697",
      "name": "声音关闭",
      "font_class": "shengyinguanbi",
      "unicode": "e8b8",
      "unicode_decimal": 59576
    },
    {
      "icon_id": "11372700",
      "name": "声音",
      "font_class": "shengyin",
      "unicode": "e8b9",
      "unicode_decimal": 59577
    },
    {
      "icon_id": "11372706",
      "name": "搜索",
      "font_class": "sousuo",
      "unicode": "e8ba",
      "unicode_decimal": 59578
    },
    {
      "icon_id": "11372735",
      "name": "增加",
      "font_class": "zengjia",
      "unicode": "e8c0",
      "unicode_decimal": 59584
    },
    {
      "icon_id": "11372639",
      "name": "爱心",
      "font_class": "aixin",
      "unicode": "e8ab",
      "unicode_decimal": 59563
    },
    {
      "icon_id": "11372640",
      "name": "编辑",
      "font_class": "bianji",
      "unicode": "e8ac",
      "unicode_decimal": 59564
    }
  ]
}
